{
  "project_info": {
    "project_number": "813898522566",
    "project_id": "blogclient-db167",
    "storage_bucket": "blogclient-db167.firebasestorage.app"
  },
  "client": [
    {
      "client_info": {
        "mobilesdk_app_id": "1:813898522566:android:0cefda88ab8e6ef1581cc7",
        "android_client_info": {
          "package_name": "uk.ac.wlv.blogclient"
        }
      },
      "oauth_client": [],
      "api_key": [
        {
          "current_key": "AIzaSyCrldYoJOknCGIaq8JMcBLmASrWLv2qLfM"
        }
      ],
      "services": {
        "appinvite_service": {
          "other_platform_oauth_client": []
        }
      }
    }
  ],
  "configuration_version": "1"
}